store_number,sales_quantity,sales_revenue,purchase_quantity,purchase_spending,sales_contribution_percent,purchase_contribution_percent,quantity_balance,sales_purchase_value_ratio,average_sales_value,average_purchase_cost,quantity_balance_percent,store_segment
76,1573145,25451535.24,1576803,17525106.25,5.6300865015087505,5.444257400613956,3658,1.4522899249184293,16.178759898165776,11.114328327635095,0.23198839677499344,High Sales / High Purchase
73,1365482,21735975.07,1367520,15067956.85,4.80817438652623,4.680932282093539,2038,1.4425296864319068,15.918170338386005,11.018454465016966,0.14902889902889904,High Sales / High Purchase
34,1365123,20928718.38,1357100,14460167.96,4.629602644163169,4.492119779892964,-8023,1.4473357735465748,15.331012941690968,10.655197082013117,-0.5911870901186353,High Sales / High Purchase
38,1320833,19451642.599999998,1335862,13516574.290000001,4.302861473846108,4.198987929632714,15029,1.4390956009016984,14.72679937584842,10.118241472547314,1.1250413590625379,High Sales / High Purchase
66,1118778,17825657.740000002,1114043,12243511.190000001,3.943180404487419,3.8035048378469765,-4735,1.4559269365930967,15.933150044065938,10.990160334924237,-0.42502847735679866,High Sales / High Purchase
50,1078369,16938875.880000003,1244366,14317350.830000002,3.747017048026223,4.447752960893682,165997,1.18310126511023,15.707866120038691,11.505739332318628,13.339885532070147,High Sales / High Purchase
67,950670,15098061.03,955439,10434986.989999998,3.3398138384346168,3.2416782149676173,4769,1.4468691762115942,15.88149518760453,10.921667411524963,0.4991422790989273,High Sales / High Purchase
69,969958,14446730.119999997,976551,10039710.63,3.1957341461949422,3.1188837384309784,6593,1.4389588158877042,14.894181108872752,10.280784751641237,0.6751311503444265,High Sales / High Purchase
60,840562,12123848.6,844144,8425066.74,2.681893870273099,2.6172869536760435,3582,1.4390210753392796,14.423503084840856,9.980603712162853,0.4243351845182812,High Sales / High Purchase
15,736960,10402883.969999999,767694,7599487.84,2.3012025036592156,2.360816951611678,30734,1.368892771331811,14.115941122991748,9.899110635227057,4.003418028537412,High Sales / High Purchase
55,659216,10139794.770000001,665159,7172953.77,2.243005033854533,2.2283121191681374,5943,1.4136149618597085,15.381596881750445,10.783818259994979,0.8934705837250944,High Sales / High Purchase
41,680848,9180784.88,741293,7252248.5,2.030864249984774,2.252945403239222,60445,1.2659225452630314,13.484338472023126,9.783241579240597,8.153995788439929,High Sales / High Purchase
49,667329,8760708.299999999,671558,6153488.38,1.9379398955065026,1.9116103591330282,4229,1.4236978700526934,13.128019762366087,9.163003612495123,0.6297296733863642,High Sales / High Purchase
74,619773,8722708.57,730324,7585453.090000001,1.9295340463144375,2.3564569899393617,110551,1.149925847079492,14.074037704127157,10.386421766229784,15.137254150212781,High Sales / High Purchase
10,636618,8150532.22,637120,5786958.090000001,1.8029639862280524,1.7977459856213598,502,1.4084311815017825,12.802861716131181,9.082995495354094,0.07879206428930186,High Sales / High Purchase
23,598025,7871477.23,605826,5546941.35,1.7412347538826305,1.7231836466331873,7801,1.4190662444988715,13.162455131474438,9.155997514137722,1.287663454523246,High Sales / High Purchase
68,580777,7814486.09,571231,5214652.74,1.7286278504092665,1.6199566134657153,-9546,1.498563083608133,13.45522651551284,9.128798577108036,-1.6711277924342343,High Sales / High Purchase
33,519053,7090764.91,522453,4987971.43,1.5685348419541123,1.5495369890740875,3400,1.4215728797789045,13.660965084490408,9.547215596426856,0.6507762420734498,High Sales / High Purchase
1,558588,6665667.42,588498,4844714.0600000005,1.4744998213667153,1.5050334074301823,29910,1.3758639493369809,11.933065909042085,8.232337340143893,5.0824301866786294,High Sales / High Purchase
6,461757,6451680.55,461548,4374799.92,1.4271641861318836,1.3590523504338434,-209,1.4747372835281574,13.972025437621951,9.478537270229749,-0.04528239749711839,High Sales / High Purchase
2,417757,6431522.529999999,421503,4504046.53,1.422705068234713,1.3992034230127481,3746,1.4279431811287258,15.395367474393007,10.685680837384313,0.8887243981656121,High Sales / High Purchase
32,453196,6106440.85,464337,4417079.239999999,1.350794357890633,1.372186621776873,11141,1.3824612415148796,13.474171991809282,9.512658349431554,2.399334965768397,High Sales / High Purchase
59,442645,5815970.33,442425,4075617.7099999995,1.286539917507483,1.2661099774924789,-220,1.4270156682580517,13.139130296287092,9.211996858224557,-0.04972594225009888,High Sales / High Purchase
9,465680,5736068.02,460912,3951592.79,1.2688648769754145,1.2275810476852456,-4768,1.451583785281681,12.317617290843497,8.573421368938105,-1.034470788350054,High Sales / High Purchase
61,410829,5682705.0,410423,4006056.03,1.2570605431405908,1.2445003115802313,-406,1.4185285870801962,13.832287886200827,9.760798079055023,-0.09892233135082587,High Sales / High Purchase
79,413449,5668200.98,411487,3993526.13,1.253852136007206,1.2406078386998487,-1962,1.4193474126585972,13.70955300411901,9.705108861276297,-0.4768072867429591,High Sales / High Purchase
25,443320,5512288.5,442997,3762636.0200000005,1.2193630279519407,1.1688807306204858,-323,1.465007104248154,12.434107416764414,8.493592552545504,-0.07291245764644004,High Sales / High Purchase
7,409837,5483346.529999999,412287,3792050.28,1.2129608289062819,1.1780184100390387,2450,1.4460110296849755,13.379335028316135,9.197598469027643,0.5942462410893382,High Sales / High Purchase
11,382582,5304174.6899999995,380774,3557100.1600000006,1.1733265613337265,1.1050300405913422,-1808,1.4911513455949463,13.864151188503378,9.341762200150223,-0.47482233555862535,High Sales / High Purchase
14,429660,5117861.319999999,428142,3594585.2099999995,1.1321125292686176,1.1166749492135015,-1518,1.423769648237105,11.911421402969788,8.395778059615735,-0.35455526437490364,High Sales / High Purchase
56,390668,5106181.73,387602,3490888.8500000006,1.1295289090122331,1.084461183014696,-3066,1.4627167891638828,13.070386440660613,9.00637470910883,-0.7910175902085129,High Sales / High Purchase
64,368806,5031296.069999999,370425,3386250.25,1.1129635922426588,1.0519547054896377,1619,1.4858016090216604,13.642120979593606,9.141527299723291,0.437065532833907,High Sales / High Purchase
71,379576,4810081.899999999,374464,3307224.0700000003,1.0640292194940126,1.0274048477501303,-5112,1.4544166945422596,12.672249826121776,8.831887898436166,-1.3651512561955221,High Sales / High Purchase
48,328852,4791315.149999999,328624,3416208.4999999995,1.0598778618310716,1.0612613779825328,-228,1.402524216540062,14.569822138834489,10.39549302546375,-0.06938020351526364,High Sales / High Purchase
72,400527,4666309.64,403027,3251302.54,1.0322256267957908,1.010032559148105,2500,1.435212374914824,11.650424665503198,8.06720775531168,0.620305835589179,High Sales / High Purchase
21,338589,4522580.78,347120,3186371.32,1.0004316345303859,0.989861367603067,8531,1.4193514583855846,13.357140308751909,9.179451832219405,2.4576515326112007,High Sales / High Purchase
27,356765,4244147.130000001,357966,3040202.7899999996,0.9388398476441027,0.9444534202937966,1201,1.3960079057752597,11.896198141633851,8.492993161361692,0.33550672410228904,High Sales / High Purchase
30,333112,4086824.45,346732,2983013.8400000003,0.9040387918847179,0.9266874016557733,13620,1.370032010981216,12.268619713489757,8.603226238132045,3.928105856973109,High Sales / High Purchase
53,341666,4083814.1999999997,347841,2927638.21,0.9033729001131076,0.9094846994786518,6175,1.3949176459204635,11.952650249073656,8.416598992068215,1.7752363867399183,High Sales / High Purchase
51,328156,3971729.96,328175,2758454.7100000004,0.8785789550443593,0.8569270425493668,19,1.4398387421774996,12.103176416094785,8.405438287499049,0.005789593966633656,High Sales / Lower Purchase
54,278648,3817895.3499999996,276853,2610671.2300000004,0.8445494887249885,0.8110174033608178,-1795,1.4624190538155197,13.701499203295914,9.4298101519579,-0.6483585151686997,Lower Sales / Lower Purchase
22,303607,3730796.0199999996,308816,2622723.1999999997,0.8252824088612647,0.8147614050192656,5209,1.4224894262574106,12.288241114335307,8.49283456815709,1.6867649344593543,Lower Sales / Lower Purchase
75,313123,3707234.76,312771,2590808.34,0.8200704666097004,0.8048469023471603,-352,1.4309181820836658,11.839547909288042,8.28340332064034,-0.11254240322792074,Lower Sales / Lower Purchase
19,285718,3665646.4799999995,315380,2914428.14,0.8108708009847764,0.9053809285608505,29662,1.2577584019621768,12.82959589525336,9.24100494641385,9.405162026761367,Lower Sales / Lower Purchase
77,287326,3654768.3400000003,294687,2656433.43,0.8084644679837218,0.8252336478996135,7361,1.3758177783510277,12.719936030849976,9.014423540909508,2.497904556359799,Lower Sales / Lower Purchase
20,324191,3561651.3099999996,323600,2473694.78,0.7878662239595398,0.7684650193133699,-591,1.4398103350486917,10.986274480167554,7.644297836835599,-0.1826328800988875,Lower Sales / Lower Purchase
8,281492,3550797.26,283079,2474462.6799999997,0.7854652198623228,0.7687035710915042,1587,1.4349770916730902,12.614203103462975,8.7412442463058,0.5606208867489287,Lower Sales / Lower Purchase
58,295499,3491083.7599999993,295200,2455855.72,0.7722561082257297,0.7629232306908333,-299,1.4215345517121825,11.814198220636953,8.319294444444445,-0.10128726287262874,Lower Sales / Lower Purchase
44,254826,3460622.1199999996,300121,2924150.8200000003,0.7655177458220235,0.9084013252299893,45295,1.1834622538381927,13.580333717909474,9.743239626683906,15.092246127395285,Lower Sales / High Purchase
39,260632,3445111.2800000003,259159,2289833.4499999997,0.7620866219197682,0.7113476248588155,-1473,1.5045248290874609,13.218297369471133,8.835631600677575,-0.5683769423404165,Lower Sales / Lower Purchase
31,315634,3387542.4599999995,313469,2375623.61,0.7493519309341963,0.7379987450755535,-2165,1.4259592494957565,10.7325017583657,7.578496151134561,-0.6906584064133934,Lower Sales / Lower Purchase
4,269520,3146860.7999999993,273271,2247278.5,0.6961111911379938,0.6981277277486195,3751,1.400298538877135,11.675796972395368,8.223625997636047,1.3726300997910499,Lower Sales / Lower Purchase
12,234217,3110133.2099999995,232802,2084604.72,0.6879867496556988,0.6475923462212836,-1415,1.491953452930875,13.27885341371463,8.954410700938995,-0.6078126476576662,Lower Sales / Lower Purchase
62,260098,2966374.05,259450,2052729.9200000004,0.6561860547839723,0.6376902883782342,-648,1.4450873546969099,11.404832217087405,7.911851686259396,-0.24975910580073232,Lower Sales / Lower Purchase
78,256099,2920969.1799999997,274450,2231545.5300000003,0.6461421284243553,0.6932402059764684,18351,1.308944469530944,11.40562509029711,8.13097296411004,6.686463836764438,Lower Sales / Lower Purchase
42,224326,2874617.84,223079,1945664.13,0.6358888352064785,0.6044297927644012,-1247,1.4774481348946902,12.814465732906573,8.721861448186516,-0.5589947955656964,Lower Sales / Lower Purchase
47,199724,2636107.03,201217,1819522.17,0.5831283050780446,0.5652431944373326,1493,1.4487908273192405,13.198749424205403,9.042586709870438,0.7419850211463246,Lower Sales / Lower Purchase
35,226968,2559647.35,224981,1800184.53,0.5662148022885887,0.5592358648281094,-1987,1.4218805391022886,11.277569304924043,8.001495815202173,-0.8831856912361488,Lower Sales / Lower Purchase
13,213947,2493173.2399999998,217176,1796042.94,0.5515101887601039,0.5579492602457372,3229,1.3881479025217514,11.6532283229024,8.269988120234279,1.486812539138763,Lower Sales / Lower Purchase
40,192192,2469255.31,192510,1690905.0799999998,0.5462193482050164,0.5252876852330485,318,1.460315744039281,12.847856882700633,8.783466209547555,0.16518622409225495,Lower Sales / Lower Purchase
57,195122,2342914.23,198458,1668277.45,0.5182716742283153,0.518258304621684,3336,1.404391236002141,12.007432426891894,8.406199044634128,1.680960203166413,Lower Sales / Lower Purchase
43,203313,2314187.8099999996,201730,1605598.4999999998,0.511917156594955,0.49878679143755056,-1583,1.4413240981478246,11.382389763566518,7.959145888068209,-0.7847122391315124,Lower Sales / Lower Purchase
17,187593,2134346.15,183375,1468039.2799999998,0.4721347193931462,0.45605336712477745,-4218,1.4538753690568826,11.377536208707147,8.005667511929106,-2.3002044989775055,Lower Sales / Lower Purchase
70,178150,2068417.36,182483,1491132.09,0.4575507350818012,0.46322725811008736,4333,1.3871456283929884,11.610538085882684,8.171347961179945,2.374467758640531,Lower Sales / Lower Purchase
63,148450,1913870.8799999997,148181,1353304.77,0.4233637973313342,0.4204105472603721,-269,1.4142201538238868,12.892360255978442,9.132782003090815,-0.18153474467036934,Lower Sales / Lower Purchase
16,154096,1913646.7200000002,156145,1349376.84,0.4233142113170419,0.4191903171706633,2049,1.4181707164916215,12.418535977572423,8.6418190784207,1.312241826507413,Lower Sales / Lower Purchase
52,140855,1847154.6500000001,143770,1293238.4700000002,0.4086056248905527,0.401750666193888,2915,1.4283171223633642,13.113873486919173,8.995190025735551,2.0275439938791124,Lower Sales / Lower Purchase
24,158296,1702288.52,158388,1177822.8800000001,0.3765600592557932,0.3658962655962467,92,1.4452839632390226,10.75383155607217,7.436313862161276,0.058085208475389546,Lower Sales / Lower Purchase
28,136878,1660711.42,138810,1169276.53,0.3673628667377563,0.36324130142244965,1932,1.4202897068326514,12.132785546252867,8.423575606944745,1.3918305597579426,Lower Sales / Lower Purchase
65,134656,1659509.8999999997,132566,1102766.2200000002,0.36709708074608605,0.3425795580772629,-2090,1.5048610212235185,12.324069480750948,8.31862030988338,-1.5765731786430912,Lower Sales / Lower Purchase
45,133588,1450267.0099999998,134364,1018553.63,0.32081085245309765,0.31641851746546235,776,1.4238494344180972,10.856267104829774,7.580554538418029,0.5775356494299069,Lower Sales / Lower Purchase
36,115944,1409283.17,118275,1001288.8099999999,0.3117448938699252,0.31105511922328233,2331,1.407469209607965,12.154860708617953,8.465768843796237,1.970830691185796,Lower Sales / Lower Purchase
5,124104,1334783.3199999998,127844,956212.5999999999,0.29526492140876587,0.2970519807325169,3740,1.3959064333601126,10.75536098755882,7.479526610556615,2.92544038046369,Lower Sales / Lower Purchase
18,94518,1310054.88,96753,930179.66,0.28979478945269577,0.28896472441390036,2235,1.4083890847494986,13.860374531835205,9.613961944332475,2.310005891290192,Lower Sales / Lower Purchase
46,89704,1218254.87,66376,583891.69,0.269487880959133,0.18138872364551223,-23328,2.0864398155760706,13.580831066619105,8.796729088827286,-35.14523321682536,Lower Sales / Lower Purchase
37,84773,1058592.11,89394,755638.2399999999,0.23416918048023683,0.23474260421713014,4621,1.4009244820643278,12.487373456171188,8.452896614985344,5.169250732711368,Lower Sales / Lower Purchase
81,73129,934959.66,166863,1742230.2799999998,0.20682067747914806,0.5412321021142866,93734,0.5366452820461829,12.785073773742292,10.441082085303512,56.17422676087569,Lower Sales / Lower Purchase
29,68434,727921.1300000002,71447,509554.69,0.16102207153834536,0.15829558191979862,3013,1.428543676047806,10.636834468246782,7.131925623189217,4.2171119851078425,Lower Sales / Lower Purchase
26,45839,566374.79,50087,428652.08,0.1252867078510213,0.13316280229847766,4248,1.3212925270303133,12.3557405266258,8.558150418272207,8.48124263781021,Lower Sales / Lower Purchase
3,35111,419732.95999999996,35202,286621.82,0.09284834294083677,0.08904042819782854,91,1.4644138398116373,11.954457577397395,8.142202715754786,0.25850803931594796,Lower Sales / Lower Purchase
