vendor_number,vendor_name,sales_quantity,sales_revenue,purchase_quantity,purchase_spending,sales_contribution_percent,purchase_contribution_percent,quantity_balance,sales_purchase_value_ratio,average_sales_value,average_purchase_cost,quantity_balance_percent,vendor_segment
3960,DIAGEO NORTH AMERICA INC,5422703.0,68742416.99,5459788.0,50959796.849999994,15.206381474710787,15.830902659114903,37085.0,1.3489539056119688,12.676780747534947,9.333658532162787,0.6792388275881774,High Sales / High Purchase
4425,MARTIGNETTI COMPANIES,2581318.0,41047306.30000001,2640411.0,27861690.02,9.079997844677175,8.655366188435917,59093.0,1.4732525654594162,15.901685224369881,10.552027703262864,2.2380227926637177,High Sales / High Purchase
17035,PERNOD RICARD USA,1613460.0,32281247.94999999,1647558.0,24124091.559999995,7.1408744746178225,7.4942634946146836,34098.0,1.3381332047141343,20.007467151339352,14.64233220317585,2.069608475088586,High Sales / High Purchase
12546,JIM BEAM BRANDS COMPANY,2630226.0,31906320.53999999,2737165.0,24203151.049999997,7.057937483580474,7.518823700263725,106939.0,1.3182713471517171,12.130638409018841,8.842415802481764,3.9069255963743506,High Sales / High Purchase
480,BACARDI USA INC,1457301.0,25014556.89,1427075.0,17624378.72,5.533423338104759,5.475096864396078,-30226.0,1.4193156699256404,17.164989861394456,12.350001730813025,-2.1180386454811417,High Sales / High Purchase
1392,CONSTELLATION BRANDS INC,2301688.0,24469172.929999996,2325892.0,15573917.9,5.412779972493176,4.838111482698095,24204.0,1.5711636010358059,10.63096863258617,6.695890393878994,1.0406330130547763,High Sales / High Purchase
3252,E & J GALLO WINERY,1809023.0,18556085.610000007,1858260.0,12289608.090000002,4.104756987292127,3.8178250585286837,49237.0,1.5099005170961481,10.25751779275333,6.613503002809081,2.649629223036604,High Sales / High Purchase
1128,BROWN-FORMAN CORP,983853.0,18478557.47000001,1006122.0,13529433.080000002,4.087607132464703,4.202982573751943,22269.0,1.365804269900717,18.78182764091791,13.44710987335532,2.2133498720831075,High Sales / High Purchase
9165,ULTRA BEVERAGE COMPANY LLP,1043235.0,17822938.45,1077527.0,13210613.93,3.942578875433146,4.103939892236391,34292.0,1.349137787572905,17.084298791739158,12.260123347257192,3.18247245776672,High Sales / High Purchase
9552,M S WALKER INC,1343481.0,15465247.749999996,1372841.0,10935817.3,3.421038525916583,3.397263526849495,29360.0,1.414183076193125,11.511325988235038,7.965829473333038,2.138630766417961,High Sales / High Purchase
8112,MOET HENNESSY USA INC,424251.0,13546931.059999997,427867.0,9472995.200000001,2.9966912792713565,2.9428309014434926,3616.0,1.4300578406289064,31.93140631371522,22.140046322805922,0.8451224329055524,High Sales / High Purchase
8004,SAZERAC CO INC,1385046.0,13250928.190000003,1417727.0,9916770.259999998,2.931213038093367,3.0806917292266554,32681.0,1.3362140941641625,9.567139423528173,6.994837694422126,2.305168766624322,High Sales / High Purchase
7245,PROXIMO SPIRITS INC.,667654.0,10516246.860000001,682042.0,7588029.9,2.3262792965026575,2.357257488190976,14388.0,1.3858995020565221,15.751042995323926,11.125458402854957,2.1095475058720723,High Sales / High Purchase
9815,WINE GROUP INC,869054.0,8341165.720000001,888385.0,5258636.79,1.8451336661693467,1.633620467270965,19331.0,1.586184034588934,9.597983232342294,5.919321904354531,2.1759710035626445,High Sales / High Purchase
10754,PERFECTA WINES,512750.0,7825504.16,553116.0,5665501.53,1.7310651370638723,1.7600149290331515,40366.0,1.3812553255104318,15.261831613846905,10.242881294339705,7.297926655529762,High Sales / High Purchase
3664,WILLIAM GRANT & SONS INC,283313.0,7635828.270000001,302685.0,5960744.350000001,1.6891072882393998,1.851733511781438,19372.0,1.2810192522348323,26.951916325759854,19.69289641045972,6.400052860234237,High Sales / High Purchase
2000,SOUTHERN WINE & SPIRITS NE,397696.0,5729494.210000001,402677.0,3699813.4600000004,1.2674106967621004,1.1493646043085262,4981.0,1.5485900226980633,14.406718221958483,9.188042674401569,1.236971567782615,High Sales / High Purchase
11567,CAMPARI AMERICA,490456.0,5610527.4399999995,501284.0,4141720.71,1.2410942801063205,1.286645188053772,10828.0,1.3546368364369985,11.439410344658848,8.262224028694312,2.1600529839372493,High Sales / High Purchase
10000,MAJESTIC FINE WINES,433515.0,5375429.09,446119.0,3506668.63,1.1890886138712342,1.0893632465354268,12604.0,1.5329161826163198,12.399638051739847,7.860388438959111,2.8252551449276986,High Sales / High Purchase
660,SAZERAC NORTH AMERICA INC.,493413.0,4965061.470000001,503931.0,3537977.55,1.0983119602732538,1.099089511071782,10518.0,1.4033614967398538,10.062688802281254,7.020757901379355,2.0871905082243405,High Sales / High Purchase
8673,STE MICHELLE WINE ESTATES,418674.0,4903385.9,419822.0,3086650.6999999997,1.0846688228021542,0.9588826838972941,1148.0,1.5885781633794847,11.711703855505716,7.352284301442039,0.2734492237186236,High Sales / High Purchase
9819,TREASURY WINE ESTATES,495308.0,4740218.380000001,497770.0,2978686.400000001,1.0485748409195643,0.9253430618891766,2462.0,1.5913787970428843,9.570243929030019,5.984061715250017,0.4946059425035659,High Sales / High Purchase
8664,"STOLI GROUP,(USA) LLC",272010.0,4663847.6,314035.0,3666478.7199999997,1.0316810035328141,1.1390090091781089,42025.0,1.2720236379825491,17.14586816661152,11.675382425525816,13.382266307895616,High Sales / High Purchase
7153,PINE STATE TRADING CO,416859.0,4647517.08,424427.0,3129071.5900000003,1.0280685597510293,0.972060934632472,7568.0,1.4852702938637463,11.148894662223917,7.3724612006304975,1.7831099340993857,High Sales / High Purchase
7239,REMY COINTREAU USA INC,135195.0,4294875.05,142363.0,3354958.2800000003,0.9500612759370707,1.0422337065511982,7168.0,1.280157513612956,31.768002145049742,23.56622352718052,5.035016120761715,High Sales / High Purchase
6785,PALM BAY INTERNATIONAL INC,373092.0,4025063.5200000005,375697.0,2693984.3299999996,0.8903767720876903,0.8368990131366836,2605.0,1.4940931449293178,10.788394069023191,7.170630401626842,0.6933779082611785,High Sales / High Purchase
3924,HEAVEN HILL DISTILLERIES,342611.0,3818178.29,352348.0,2816661.94,0.8446120773531289,0.875009394700398,9737.0,1.3555685315931099,11.14435406335465,7.99397737464098,2.7634611236618345,High Sales / High Purchase
8892,TRINCHERO FAMILY ESTATES,346725.0,3467869.8100000005,352526.0,2252211.31,0.7671209937695971,0.6996601285777626,5801.0,1.5397621859913315,10.001787612661332,6.388780714046623,1.6455523847886395,High Sales / High Purchase
4692,KOBRAND CORPORATION,161920.0,2840547.8700000006,161002.0,1808146.33,0.6283522808731139,0.5617092357711363,-918.0,1.570972339390253,17.542909276185775,11.230583036235576,-0.5701792524316468,High Sales / High Purchase
8352,LUXCO INC,286953.0,2826287.7700000005,283260.0,2051436.01,0.6251978308266591,0.6372883290980598,-3693.0,1.3777118838817695,9.849305530870911,7.2422368495375276,-1.3037492056767634,High Sales / High Purchase
516,BANFI PRODUCTS CORP,221040.0,2646325.6199999996,228103.0,1628866.68,0.5853887402573352,0.5060151619453653,7063.0,1.6246422451222342,11.972157166123777,7.140926160550277,3.096408201558068,High Sales / High Purchase
2561,EDRINGTON AMERICAS,60304.0,2632023.96,62542.0,1882832.8400000003,0.5822250968010214,0.5849109544365241,2238.0,1.3979063377713337,43.645926638365616,30.10509481628346,3.5783953183460713,High Sales / High Purchase
6213,MHW LTD,212350.0,2586254.4999999995,215201.0,1888333.01,0.5721005201694962,0.5866196083413832,2851.0,1.3695966158003028,12.179206498704966,8.774740870163242,1.3248079702231867,High Sales / High Purchase
2242,DELICATO VINEYARDS INC,190364.0,2357727.879999999,192642.0,1561444.6300000001,0.5215485740348148,0.48507018224362664,2278.0,1.5099657296205238,12.385366350780604,8.105421611071314,1.1825043344649662,High Sales / High Purchase
1485,CASTLE BRANDS CORP.,103675.0,2307511.2499999995,105220.0,1679383.9099999997,0.5104402472463418,0.5217085791128655,1545.0,1.3740224830426058,22.257161803713522,15.960691028321609,1.4683520243299752,High Sales / High Purchase
653,STATE WINE & SPIRITS,157700.0,2299075.399999999,154092.0,1529682.04,0.5085741686477073,0.4752029829694329,-3608.0,1.5029760040851359,14.57879137603043,9.927069802455676,-2.3414583495574073,High Sales / High Purchase
3089,SIDNEY FRANK IMPORTING CO,188625.0,2256371.25,186464.0,1715908.88,0.499127663507399,0.5330552343281344,-2161.0,1.3149714861315946,11.96220675944334,9.202360133859619,-1.1589368457182083,High Sales / High Purchase
1590,DIAGEO CHATEAU ESTATE WINES,190779.0,2185030.8899999997,187841.0,1365472.8299999998,0.48334659591908574,0.42419061282808374,-2938.0,1.600200928201552,11.45320444074033,7.2693013239920985,-1.5640887772105132,High Sales / High Purchase
1587,VINEYARD BRANDS INC,166244.0,1845237.53,171919.0,1196162.81,0.4081815423614638,0.37159365186055204,5675.0,1.5426307477324095,11.09957369890041,6.957711538573398,3.3009731326962117,High Sales / High Purchase
2555,DISARONNO INTERNATIONAL LLC,103394.0,1725427.1600000004,103095.0,1141947.8499999999,0.38167851452769896,0.35475151732547666,-299.0,1.5109509247729662,16.68788479021994,11.076655996896065,-0.2900237644890635,High Sales / High Purchase
9744,FREDERICK WILDMAN & SONS,69327.0,1143044.5699999996,70932.0,759449.24,0.2528507511824215,0.23592650944759003,1605.0,1.5050967329956109,16.487725849957442,10.706722494783737,2.2627305024530537,High Sales / High Purchase
8320,SHAW ROSS INT L IMP LTD,68146.0,856945.64,69127.0,624979.6399999999,0.18956334204579706,0.1941528902458463,981.0,1.3711576908329368,12.575142194699616,9.041035196088357,1.41912711386289,High Sales / High Purchase
90024,VINILANDIA USA,57335.0,826960.0500000002,59428.0,548855.37,0.18293028577210504,0.1705045246153193,2093.0,1.5066993878551287,14.423302520275577,9.235635895537458,3.5219088645083128,High Sales / High Purchase
9206,PHILLIPS PRODUCTS CO.,43680.0,600363.7,40054.0,430945.89,0.13280533105341463,0.13387538525745987,-3626.0,1.3931301212781029,13.7445902014652,10.759122434713138,-9.052778748689269,High Sales / High Purchase
6359,OLE SMOKY DISTILLERY LLC,106890.0,498686.60000000003,110162.0,387622.68999999994,0.11031352995676084,0.12041682763996872,3272.0,1.2865258223144782,4.66541865469174,3.5186606089214063,2.9701712024109947,High Sales / High Purchase
4950,LATITUDE BEVERAGE COMPANY,49789.0,471551.11000000004,53090.0,316446.76,0.10431093897275129,0.09830568730676359,3301.0,1.4901435868706636,9.470989776858342,5.960571859107176,6.217743454511208,High Sales / High Purchase
4380,CHARLES JACQUIN ET CIE INC,43474.0,450266.16,43947.0,329637.62000000005,0.09960253499828482,0.10240349054692728,473.0,1.3659428799419189,10.35713667939458,7.500799144423967,1.0762964479941748,High Sales / High Purchase
9625,WESTERN SPIRITS BEVERAGE CO,49379.0,443217.7099999999,56860.0,361249.21,0.0980433605584187,0.11222378095473429,7481.0,1.2269029183482503,8.97583405901294,6.353310059795991,13.156876538867394,High Sales / High Purchase
90047,CRUSH WINES,25333.0,420237.0700000001,26349.0,287189.9,0.09295985617096271,0.08921690494496043,1016.0,1.46327245491572,16.58852366478507,10.899461080116893,3.855933811529849,High Sales / High Purchase
17031,FLAG HILL WINERY & VINEYARD,20788.0,411807.12,20608.0,300403.2,0.09109508270029193,0.09332167927758579,-180.0,1.3708479803144573,19.80984798922455,14.577018633540373,-0.873447204968944,High Sales / High Purchase
1655,FABRIZIA SPIRITS LLC,25508.0,396503.9200000001,28071.0,358390.62,0.08770989045403087,0.11133574640927635,2563.0,1.106345696212697,15.544296691234127,12.767290798332798,9.13041929393324,High Sales / High Purchase
5992,MCCORMICK DISTILLING CO,28998.0,385759.72000000003,29788.0,310552.87000000005,0.08533318606983158,0.09647472241598558,790.0,1.2421708419567978,13.302976757017726,10.42543541023231,2.65207466093729,High Sales / High Purchase
1601,VRANKEN AMERICA,13469.0,341658.31000000006,13094.0,208330.15,0.07557759565859858,0.06471874947454401,-375.0,1.63998494696999,25.366271438117163,15.910352069650221,-2.863907133038033,High Sales / High Purchase
1273,CALEDONIA SPIRITS INC,7162.0,278648.38,8202.0,259604.7,0.061639286907915466,0.08064743169298422,1040.0,1.0733564530996549,38.90650376989668,31.651389904901244,12.679834186783712,High Sales / High Purchase
5270,MANGO BOTTLING INC,26875.0,244549.25000000003,28414.0,204510.38,0.054096282145496576,0.06353211980197679,1539.0,1.1957791580065522,9.099506976744188,7.197521644259872,5.4163440557471665,High Sales / High Purchase
5455,MARSALLE COMPANY,6640.0,215253.59999999998,7158.0,185311.19,0.047615846208622026,0.057567800342099434,518.0,1.1615790713987644,32.41771084337349,25.888682592903045,7.236658284436993,High Sales / High Purchase
8150,SEA HAGG DISTILLERY LLC,13160.0,213422.40000000005,15412.0,188044.46000000002,0.04721076988201367,0.058416903635003924,2252.0,1.1349571266284582,16.2175075987842,12.201171814170777,14.611990656631196,High Sales / High Purchase
4848,LAIRD & CO,20141.0,213108.09,21422.0,203011.58000000002,0.04714124195485317,0.06306651047124648,1281.0,1.0497336654391831,10.580809790973635,9.476779945850062,5.979833815703482,High Sales / High Purchase
98450,Serralles Usa LLC,10607.0,204150.92999999996,10463.0,168993.61000000004,0.045159845346266735,0.0524986666998934,-144.0,1.2080393453929998,19.246811539549352,16.151544490108005,-1.3762783140590653,High Sales / High Purchase
90032,LABELLE VYDS AND WINERY,12430.0,203067.7,12855.0,146839.55,0.044920226064226555,0.04561640285577857,425.0,1.3829223802442872,16.33690265486726,11.422757681835861,3.3061065733177757,High Sales / High Purchase
2496,DUGGANS DISTILLED PRODUCTS,15738.0,202338.62000000002,18814.0,184296.5,0.04475894764122326,0.057252582079623617,3076.0,1.097897247099104,12.856692082856782,9.795710641012013,16.349526948017434,High Sales / High Purchase
4466,AMERICAN VINTAGE BEVERAGE,14637.0,190134.63000000006,15778.0,156357.28,0.042059325841766436,0.04857313083507658,1141.0,1.2160267177837838,12.990000000000004,9.909828875649639,7.231588287488909,High Sales / High Purchase
90056,SWEET BABY VINEYARD,14773.0,184253.27000000005,16805.0,140577.90000000002,0.04075832119767434,0.043671191576243294,2032.0,1.3106844674731948,12.472298788330065,8.365242487354955,12.091639393037786,High Sales / High Purchase
7255,PSP WINES,14594.0,171646.56,16493.0,128895.69,0.03796961446033429,0.04004205761604111,1899.0,1.331670283156869,11.761447170069891,7.815175529012309,11.51397562602316,High Sales / High Purchase
17033,SEA BREEZE CELLARS LLC,7106.0,149564.93999999994,8473.0,108948.09,0.03308498060539651,0.03384524103899543,1367.0,1.3728091974811119,21.04769772023641,12.8582662575239,16.133600849758057,High Sales / Lower Purchase
4550,KLIN SPIRITS LLC,6606.0,147675.94,6840.0,103484.29,0.03266711844890722,0.03214788564718577,234.0,1.427037282663871,22.35481986073267,15.129282163742689,3.421052631578948,High Sales / Lower Purchase
90010,VINEXTRA INC,8021.0,141335.79,8530.0,102639.51,0.0312646257271149,0.03188545073231097,509.0,1.377011542631098,17.6207193616756,12.032767878077374,5.967174677608441,Lower Sales / Lower Purchase
10050,Russian Standard Vodka,15207.0,139327.43,12798.0,138907.27000000002,0.030820360168297076,0.04315220244080294,-2409.0,1.003024751692262,9.162058920234102,10.85382637912174,-18.823253633380215,Lower Sales / High Purchase
90058,ZORVINO VINEYARDS,10141.0,124189.59000000003,10550.0,86122.71,0.0274717468983182,0.026754428451949013,409.0,1.4420074565698178,12.24628636229169,8.163290047393366,3.876777251184834,Lower Sales / Lower Purchase
1189,BULLY BOY DISTILLERS,4447.0,119484.52999999998,5382.0,117928.22000000002,0.02643094937687214,0.036634961027767275,935.0,1.013197095657002,26.868569822352143,21.911597918989226,17.372723894463025,Lower Sales / High Purchase
1703,ALISA CARR BEVERAGES,1062.0,118167.38,438.0,34951.67999999999,0.02613958508919618,0.010857905212636913,-624.0,3.380878401267122,111.26871939736347,79.79835616438355,-142.46575342465752,Lower Sales / Lower Purchase
6355,NICHE W & S,10404.0,114938.95999999996,9277.0,111031.77,0.025425432339988542,0.03449254611656158,-1127.0,1.0351898380076257,11.047574009996152,11.968499514929396,-12.148323811577018,Lower Sales / Lower Purchase
7154,PREMIER DISTRIBUTORS,5566.0,109091.34,5916.0,84530.87,0.024131891258183356,0.026259915803810673,350.0,1.2905503042852866,19.599593963348905,14.288517579445571,5.916159567275185,Lower Sales / Lower Purchase
6215,MOONLIGHT MEADERY,7123.0,95208.76999999996,7967.0,71357.59000000001,0.021060953916831427,0.022167573874051487,844.0,1.3342486762795653,13.366386354064293,8.956644910254802,10.59369900840969,Lower Sales / Lower Purchase
7240,"PREMIUM PORT WINES, INC.",8024.0,86057.76000000002,8167.0,59760.740000000005,0.01903667611235541,0.01856495740282125,143.0,1.440038393098881,10.725044865403792,7.317342965593242,1.7509489408595567,Lower Sales / Lower Purchase
17032,JEWELL TOWNE VINEYARDS,6318.0,85230.82,6630.0,54332.369999999995,0.018853750261806294,0.01687860850860152,312.0,1.5686932117998904,13.490158277936057,8.194927601809955,4.705882352941177,Lower Sales / Lower Purchase
17037,Dunn Wine Brokers,4117.0,83061.32999999999,5448.0,72055.29999999999,0.01837384143709375,0.022384320795684687,1331.0,1.1527442117373738,20.17520767549186,13.226009544787075,24.430983847283407,Lower Sales / Lower Purchase
8735,SURVILLE ENTERPRISES CORP,6515.0,80444.85,6504.0,51325.770000000004,0.017795054790608233,0.015944593954442348,-11.0,1.5673383955077538,12.347636224098236,7.891416051660517,-0.16912669126691268,Lower Sales / Lower Purchase
6830,PARK STREET IMPORTS LLC,3503.0,77594.46999999999,4349.0,69459.42,0.017164527562649523,0.021577898358097144,846.0,1.117119463421952,22.15086211818441,15.97135433432973,19.452747758105314,Lower Sales / Lower Purchase
28750,SMOKY QUARTZ DISTILLERY LLC,2739.0,76449.10999999999,3197.0,69803.71,0.01691116461952798,0.0216848536800061,458.0,1.0952012436015217,27.91132165023731,21.834128870816393,14.325930559899906,Lower Sales / Lower Purchase
90027,POVERTY LANE ORCHARDS,6341.0,73642.09,5872.0,45269.009999999995,0.01629022897606127,0.014063032725463056,-469.0,1.6267660812551457,11.613639804447248,7.70930006811989,-7.987057220708447,Lower Sales / Lower Purchase
90011,FORTUNE WINE BROKERS LLC,4707.0,72952.93000000001,5072.0,46940.170000000006,0.016137781181584737,0.014582186507917873,365.0,1.5541684233354929,15.498816656044191,9.254765378548896,7.1963722397476335,Lower Sales / Lower Purchase
60,ADAMBA IMPORTS INTL INC,3978.0,67576.22,4732.0,76770.25,0.01494840922000844,0.02384904238223854,754.0,0.880239676176644,16.987486173956764,16.223636939983095,15.934065934065933,Lower Sales / Lower Purchase
8920,TAKARA SAKE USA INC,8973.0,64082.969999999994,9066.0,45289.340000000004,0.014175673921884416,0.014069348336414317,93.0,1.4149680697488634,7.141755265797391,4.9955151114052505,1.0258107213765717,Lower Sales / Lower Purchase
388,ATLANTIC IMPORTING COMPANY,1825.0,59272.75,1847.0,41116.31999999999,0.013111614153547729,0.012772979875429375,22.0,1.441586941632909,32.47821917808219,22.261136978884675,1.1911207363291825,Lower Sales / Lower Purchase
9622,WEIN BAUER INC,2867.0,56930.23000000001,3014.0,43517.00000000001,0.01259342968620028,0.013518762506933018,147.0,1.3082296573752787,19.857073596093482,14.438287989382882,4.877239548772396,Lower Sales / Lower Purchase
2450,DJINN SPIRITS LLC,2177.0,56731.22999999998,2637.0,48830.78,0.012549409268444124,0.015169513474005438,460.0,1.1617924186343118,26.059361506660533,18.517550246492224,17.444065225635192,Lower Sales / Lower Purchase
7749,R.P.IMPORTS INC,1038.0,54266.62000000001,498.0,18776.870000000003,0.012004217500574824,0.005833123748272064,-540.0,2.890078058803198,52.27998073217727,37.70455823293173,-108.43373493975903,Lower Sales / Lower Purchase
90046,CANDIA VINEYARDS,2567.0,52623.33000000001,2609.0,36588.009999999995,0.011640708393567246,0.011366238890348376,42.0,1.4382670716445092,20.499933774834442,14.023767727098503,1.609812188577999,Lower Sales / Lower Purchase
28776,TALL SHIP DISTILLERY LLC,1786.0,49533.13999999999,2236.0,48445.58,0.010957133244090431,0.015049849266507894,450.0,1.0224491068122208,27.734120940649493,21.66618067978533,20.125223613595708,Lower Sales / Lower Purchase
1650,Circa Wines,2455.0,44618.74999999999,3320.0,42554.34,0.009870030224911239,0.013219707610802215,865.0,1.0485123256523305,18.17464358452138,12.817572289156626,26.054216867469883,Lower Sales / Lower Purchase
9260,TY KU LLC,2490.0,44141.600000000006,3003.0,38921.469999999994,0.009764480765954719,0.01209113930994136,513.0,1.134119548927623,17.727550200803215,12.96086247086247,17.08291708291708,Lower Sales / Lower Purchase
2000,SOUTHERN GLAZERS W&S OF NE,3288.0,40440.119999999995,4198.0,40803.92,0.008945683299039922,0.012675931333315583,910.0,0.9910841899503773,12.299306569343065,9.71984754645069,21.676989042401143,Lower Sales / Lower Purchase
173357,TAMWORTH DISTILLING,1488.0,40021.119999999995,1990.0,41036.439999999995,0.008852997092809631,0.012748164774456104,502.0,0.9752580876898679,26.89591397849462,20.621326633165825,25.22613065326633,Lower Sales / Lower Purchase
90053,INCREDIBREW INC,2698.0,35508.520000000004,2786.0,24525.84,0.007854773287953278,0.0076190685535087,88.0,1.4478003607623635,13.161052631578949,8.8032447954056,3.1586503948312994,Lower Sales / Lower Purchase
12331,STELLAR IMPORTING CO LLC,2987.0,35480.62999999998,3104.0,24560.079999999998,0.00784860379322353,0.007629705371952925,117.0,1.4446463529434752,11.878349514563102,7.912396907216494,3.7693298969072164,Lower Sales / Lower Purchase
172662,SWEETWATER FARM,1237.0,35049.62999999999,1629.0,34708.03,0.007753263089440105,0.010782214184192531,392.0,1.0098421028217386,28.33438156831042,21.30634131368938,24.063842848373234,Lower Sales / Lower Purchase
3950,"HOOD RIVER DISTILLERS, Inc.",1271.0,29403.290000000005,1137.0,24035.96,0.006504246779926163,0.007466885007379685,-134.0,1.223304165924723,23.13398111723053,21.13980650835532,-11.785400175901495,Lower Sales / Lower Purchase
99166,STARK BREWING COMPANY,846.0,25371.539999999997,1212.0,25961.04,0.005612390904105214,0.008064920242502664,366.0,0.9772928973569625,29.99,21.42,30.198019801980198,Lower Sales / Lower Purchase
90017,THE IMPORTED GRAPE LLC,1736.0,22179.739999999994,2280.0,16093.769999999999,0.004906338796597233,0.004999606003888213,544.0,1.3781568892807587,12.776347926267277,7.058671052631579,23.859649122807017,Lower Sales / Lower Purchase
90037,THE PIERPONT GROUP LLC,1079.0,17937.210000000003,580.0,5713.19,0.0039678566712554745,0.0017748295784862156,-499.0,3.1396137709405787,16.6239202965709,9.850327586206896,-86.03448275862068,Lower Sales / Lower Purchase
105,ALTAMAR BRANDS LLC,325.0,15748.749999999996,332.0,11706.2,0.0034837515283276848,0.003636586567517506,7.0,1.3453340964617038,48.4576923076923,35.25963855421687,2.108433734939759,Lower Sales / Lower Purchase
90051,FULCHINO VINEYARD INC,836.0,14441.640000000003,949.0,11147.77,0.00319460817027118,0.0034631076386679384,113.0,1.2954734444646778,17.274688995215314,11.746859852476291,11.907270811380402,Lower Sales / Lower Purchase
2396,BLACK PRINCE DISTILLERY INC,1115.0,11818.849999999999,807.0,5971.94,0.0026144257004889694,0.0018552114935692617,-308.0,1.9790637548267396,10.599865470852016,7.400173482032217,-38.166047087980175,Lower Sales / Lower Purchase
90057,WALPOLE MTN VIEW WINERY,662.0,11483.880000000001,805.0,9292.310000000001,0.0025403276133745055,0.0028867001868418955,143.0,1.235847706329212,17.34725075528701,11.543242236024847,17.763975155279503,Lower Sales / Lower Purchase
9751,VINEDREA WINES LLC,440.0,11385.599999999997,205.0,4657.599999999999,0.0025185872784143303,0.0014469055369692584,-235.0,2.4445207832360007,25.876363636363628,22.72,-114.6341463414634,Lower Sales / Lower Purchase
8663,STAR INDUSTRIES INC.,428.0,7914.719999999999,151.0,2452.29,0.0017508004061456113,0.000761815522856051,-277.0,3.227481252217315,18.49233644859813,16.240331125827815,-183.44370860927154,Lower Sales / Lower Purchase
2876,CENTEUR IMPORTS LLC,619.0,7474.8099999999995,771.0,6237.080000000001,0.0016534887379289825,0.0019375784924682722,152.0,1.198447029699795,12.075621970920839,8.089597924773024,19.714656290531778,Lower Sales / Lower Purchase
90052,HAUNTING WHISPER VYDS,611.0,7325.89,669.0,5388.579999999999,0.0016205464232945793,0.0016739879419447367,58.0,1.359521432362515,11.99,8.054678624813153,8.669656203288492,Lower Sales / Lower Purchase
90059,BLACK COVE BEVERAGES,313.0,6256.87,919.0,14465.06,0.0013840705087735626,0.004493639515328183,606.0,0.43255057358904836,19.99,15.74,65.94124047878128,Lower Sales / Lower Purchase
1587,VINEYARD BRANDS LLC,104.0,4323.96,371.0,10951.509999999998,0.0009564951033210749,0.003402138538555093,267.0,0.3948277452150435,41.57653846153846,29.518894878706195,71.96765498652292,Lower Sales / Lower Purchase
3551,GILMANTON WINERY & VINEYARD,240.0,3837.6,516.0,5393.04,0.00084890831749252,0.001675373462104236,276.0,0.7115838191446754,15.99,10.451627906976745,53.48837209302325,Lower Sales / Lower Purchase
5612,MILTONS DISTRIBUTING CO,261.0,2661.6899999999996,267.0,1824.1799999999998,0.0005887874660169547,0.0005666901714248931,6.0,1.4591158767226917,10.198045977011493,6.832134831460674,2.247191011235955,Lower Sales / Lower Purchase
1003,BRONCO WINE COMPANY,334.0,2400.66,433.0,2071.9,0.0005310455079923892,0.0006436455646785054,99.0,1.158675611757324,7.187604790419162,4.784988452655889,22.863741339491916,Lower Sales / Lower Purchase
1265,BLACK ROCK SPIRITS LLC,82.0,2049.18,82.0,1152.1,0.00045329527466106997,0.00035790533088764226,0.0,1.77864768683274,24.99,14.049999999999999,0.0,Lower Sales / Lower Purchase
200,AMERICAN SPIRITS EXCHANGE,103.0,1719.9700000000005,132.0,1205.1599999999999,0.0003804713463721102,0.0003743886716192613,29.0,1.4271714959009598,16.698737864077675,9.129999999999999,21.96969696969697,Lower Sales / Lower Purchase
287,APPOLO VINEYARDS LLC,108.0,1616.9200000000005,230.0,2399.7000000000003,0.0003576758486345648,0.0007454781898542447,122.0,0.6738008917781391,14.971481481481486,10.433478260869567,53.04347826086957,Lower Sales / Lower Purchase
3951,HIGHLAND WINE MERCHANTS LLC,82.0,1533.6800000000003,372.0,5500.320000000001,0.00033926248394098614,0.0017087005030708418,290.0,0.2788346859819065,18.703414634146345,14.785806451612904,77.95698924731182,Lower Sales / Lower Purchase
201359,FLAVOR ESSENCE INC,59.0,1474.4100000000003,1.0,17.0,0.0003261514781097943,5.281130652799166e-06,-58.0,86.73000000000002,24.990000000000006,17.0,-5800.0,Lower Sales / Lower Purchase
2,"IRA GOLDMAN AND WILLIAMS, LLP",42.0,1265.5800000000002,328.0,5630.88,0.00027995658444136535,0.0017492595864843394,286.0,0.22475705395959425,30.132857142857148,17.167317073170732,87.1951219512195,Lower Sales / Lower Purchase
6280,UNCORKED,62.0,1124.3799999999999,243.0,2966.3099999999995,0.0002487219965661454,0.0009214982745120406,181.0,0.37905006556968085,18.13516129032258,12.207037037037034,74.48559670781893,Lower Sales / Lower Purchase
5083,LOYAL DOG WINERY,74.0,1111.26,240.0,2320.8,0.00024581974590805135,0.0007209675305303709,166.0,0.4788262668045501,15.017027027027027,9.67,69.16666666666667,Lower Sales / Lower Purchase
90026,SILVER MOUNTAIN CIDERS,52.0,381.4800000000001,17.0,77.17999999999999,8.43864772141564e-05,2.397633316370821e-05,-35.0,4.942731277533041,7.336153846153848,4.539999999999999,-205.88235294117646,Lower Sales / Lower Purchase
90033,FANTASY FINE WINES CORP,41.0,327.59000000000003,24.0,128.64,7.24655711192867e-05,3.996262630447557e-05,-17.0,2.546564054726369,7.990000000000001,5.359999999999999,-70.83333333333334,Lower Sales / Lower Purchase
1439,CAPSTONE INTERNATIONAL,13.0,246.87,4.0,54.64,5.460965091186638e-05,1.6974175227585084e-05,-9.0,4.51811859443631,18.990000000000002,13.66,-225.0,Lower Sales / Lower Purchase
90034,EXCLUSIVE WINES & SPIRITS,2.0,55.98,0.0,0.0,1.2383231085374003e-05,0.0,-2.0,0.0,27.99,0.0,0.0,Lower Sales / Lower Purchase
9710,WHYTE & MACKAY,2.0,31.98,0.0,0.0,7.0742359791043334e-06,0.0,-2.0,0.0,15.99,0.0,0.0,Lower Sales / Lower Purchase
1002,BERNIKO LLC,1.0,16.99,0.0,0.0,3.7583261189800694e-06,0.0,-1.0,0.0,16.99,0.0,0.0,Lower Sales / Lower Purchase
9099,TRUETT HURST,1.0,14.99,24.0,236.64,3.3159098601242636e-06,7.351333868696439e-05,23.0,0.0633451656524679,14.99,9.86,95.83333333333334,Lower Sales / Lower Purchase
54,AAPER ALCOHOL & CHEMICAL CO,0.0,0.0,1.0,105.07,0.0,3.264049398174167e-05,1.0,0.0,0.0,105.07,100.0,Lower Sales / Lower Purchase
4901,LAUREATE IMPORTS CO,0.0,0.0,29.0,140.94,0.0,4.378367965914791e-05,29.0,0.0,0.0,4.86,100.0,Lower Sales / Lower Purchase
